method,dataset,stream_length,mean,std
Crane (zipf),Lkml,20000,0.6593636572360992,0.18126509140067115
Crane (zipf),Lkml,40000,0.6328607559204101,0.2164362400457944
Crane (zipf),Lkml,80000,0.7261264324188232,0.15129864916623656
Crane (zipf),Lkml,200000,0.6210687756538391,0.13454360283482977
Crane (zipf),Lkml,400000,0.6459632933139801,0.1438312919438465
Crane (zipf),Lkml,800000,1.0489681839942933,0.4581457003019699
Crane (zipf),NotreDame,200000,0.6339789152145385,0.3797385754360884
Crane (zipf),NotreDame,500000,0.9937530845403671,0.734638425558336
Crane (zipf),NotreDame,1000000,1.8766715764999389,1.1159175390627423
Crane (zipf),NotreDame,1497134,2.6296419858932496,1.1724111804012314
Crane (zipf),CAIDA2018,2000000,2.290445256233215,0.820249130389652
Crane (zipf),CAIDA2018,8000000,9.096187782287597,2.846576560594275
Crane (zipf),CAIDA2018,16000000,17.532152557373045,5.172365539812045
Crane (zipf),CAIDA2018,27121713,28.7005558013916,8.356507469844553
Crane (zipf),WiKiTalk,2000000,2.8617249488830567,1.2063032134261538
Crane (zipf),WiKiTalk,8000000,13.433242034912109,4.244079118202949
Crane (zipf),WiKiTalk,16000000,27.211178970336913,8.264557775178684
Crane (zipf),WiKiTalk,24981163,43.27038726806641,12.812103551575046
Crane (zipf),StackOverflow,2000000,3.9771289348602297,1.7143241065335066
Crane (zipf),StackOverflow,8000000,16.50113582611084,5.1125652519531615
Crane (zipf),StackOverflow,16000000,32.654273986816406,9.87811510381599
Crane (zipf),StackOverflow,63497050,115.67998962402343,33.9423813284956
Crane (uniform),Lkml,20000,0.6531629025936126,0.20342601530331175
Crane (uniform),Lkml,40000,0.5586793422698975,0.20767026018525647
Crane (uniform),Lkml,80000,0.6228000164031983,0.16252072069744677
Crane (uniform),Lkml,200000,0.5149366080760955,0.05018991755658732
Crane (uniform),Lkml,400000,0.6951537370681763,0.18013070071680523
Crane (uniform),Lkml,800000,1.2085739016532897,0.2175022198987115
Crane (uniform),NotreDame,200000,0.70723797082901,0.4232866040085701
Crane (uniform),NotreDame,500000,0.9659133076667785,0.3267919401180143
Crane (uniform),NotreDame,1000000,2.4363659143447878,0.48486741072548956
Crane (uniform),NotreDame,1497134,3.6242160320281984,0.5401432193798548
Crane (uniform),CAIDA2018,2000000,3.1523517608642577,0.5165572569680419
Crane (uniform),CAIDA2018,8000000,12.669766044616699,1.4083361895095214
Crane (uniform),CAIDA2018,16000000,24.27874755859375,2.6653413222529303
Crane (uniform),CAIDA2018,27121713,39.61296463012695,4.2809746785146
Crane (uniform),WiKiTalk,2000000,4.3627338886260985,0.6294079793360724
Crane (uniform),WiKiTalk,8000000,18.382689666748046,1.9410742260876723
Crane (uniform),WiKiTalk,16000000,37.928723907470705,3.939367622863027
Crane (uniform),WiKiTalk,24981163,59.79582214355469,6.001097463359581
Crane (uniform),StackOverflow,2000000,5.311084365844726,0.7880798802179617
Crane (uniform),StackOverflow,8000000,22.529642486572264,2.288655733683294
Crane (uniform),StackOverflow,16000000,44.7560546875,4.339995405332866
Crane (uniform),StackOverflow,63497050,158.02993774414062,15.603527091395494
Mayfly (zipf),Lkml,20000,10.668000000000001,4.019181011101639
Mayfly (zipf),Lkml,40000,11.15,3.6402252677547313
Mayfly (zipf),Lkml,80000,18.845999999999997,8.543555700058377
Mayfly (zipf),Lkml,200000,18.672000000000004,9.123296334110826
Mayfly (zipf),Lkml,400000,29.842000000000002,16.289993738488665
Mayfly (zipf),Lkml,800000,52.779999999999994,29.38920345977414
Mayfly (zipf),NotreDame,200000,17.954,4.103684198375894
Mayfly (zipf),NotreDame,500000,19.648,3.390996313769745
Mayfly (zipf),NotreDame,1000000,33.792,11.292722258162556
Mayfly (zipf),NotreDame,1497134,45.2,13.806034912312802
Mayfly (zipf),CAIDA2018,2000000,65.636,23.250750181445756
Mayfly (zipf),CAIDA2018,8000000,175.99200000000002,60.545691638629414
Mayfly (zipf),CAIDA2018,16000000,302.044,111.50597124818026
Mayfly (zipf),CAIDA2018,27121713,442.87800000000004,162.41227778711806
Mayfly (zipf),WiKiTalk,2000000,180.658,101.5952733939921
Mayfly (zipf),WiKiTalk,8000000,454.22200000000004,234.39455534632202
Mayfly (zipf),WiKiTalk,16000000,723.2560000000001,321.7083761172531
Mayfly (zipf),WiKiTalk,24981163,955.732,384.2687840769791
Mayfly (zipf),StackOverflow,2000000,61.512,16.14629418783146
Mayfly (zipf),StackOverflow,8000000,130.402,35.7644937892318
Mayfly (zipf),StackOverflow,16000000,237.92600000000002,67.552681841656
Mayfly (zipf),StackOverflow,63497050,1006.912,308.46044488070106
Mayfly (uniform),Lkml,20000,69.236,93.08288749281469
Mayfly (uniform),Lkml,40000,100.09,144.10196265145038
Mayfly (uniform),Lkml,80000,244.302,357.49265756935483
Mayfly (uniform),Lkml,200000,287.49800000000005,437.24032976842386
Mayfly (uniform),Lkml,400000,548.0939999999999,859.7984622363543
Mayfly (uniform),Lkml,800000,1059.79,1637.515843550834
Mayfly (uniform),NotreDame,200000,155.61999999999998,218.01229735957557
Mayfly (uniform),NotreDame,500000,234.96400000000003,292.5466733087218
Mayfly (uniform),NotreDame,1000000,546.806,548.4851117614771
Mayfly (uniform),NotreDame,1497134,664.818,620.5342543776289
Mayfly (uniform),CAIDA2018,2000000,1422.7140000000002,2035.1286523126737
Mayfly (uniform),CAIDA2018,8000000,2034.812,2569.1101395261353
Mayfly (uniform),CAIDA2018,16000000,1608.3759999999997,1952.3853124380955
Mayfly (uniform),CAIDA2018,27121713,1270.1380000000001,1431.347757624261
Mayfly (uniform),WiKiTalk,2000000,2345.282,3878.8891799039584
Mayfly (uniform),WiKiTalk,8000000,3301.7059999999997,4889.928646582075
Mayfly (uniform),WiKiTalk,16000000,2610.872,3775.910977697435
Mayfly (uniform),WiKiTalk,24981163,2103.982,2853.071667367646
Mayfly (uniform),StackOverflow,2000000,1176.042,1859.3621338018047
Mayfly (uniform),StackOverflow,8000000,616.988,640.0270312229007
Mayfly (uniform),StackOverflow,16000000,317.466,304.53955714159696
Mayfly (uniform),StackOverflow,63497050,836.5720000000001,934.2256371648126
