alpha,method,dataset,stream_size,mean,std
-0.5,Crane,Lkml,20000,0.6323573957842188,0.1993886824795621
-0.5,Crane,Lkml,40000,0.6022392281013879,0.2358039468861698
-0.5,Crane,Lkml,80000,0.6811944325685161,0.1762011345969338
-0.5,Crane,Lkml,200000,0.5333595758171745,0.1766428974714582
-0.5,Crane,Lkml,400000,0.6505346672277581,0.2324852828492219
-0.5,Crane,Lkml,800000,1.048427871317417,0.637324229515594
-0.5,Crane,CAIDA2018,2000000,2.801194850434408,1.061557866502573
-0.5,Crane,CAIDA2018,8000000,11.789258721448116,3.434474641480665
-0.5,Crane,CAIDA2018,16000000,23.485478568894635,6.746529747827967
-0.5,Crane,CAIDA2018,27100000,38.95520258673712,11.274545242234185
-0.5,Crane,WiKiTalk,2000000,3.4634452895329817,1.410837492966624
-0.5,Crane,WiKiTalk,8000000,14.616191976772756,4.4519958946709215
-0.5,Crane,WiKiTalk,16000000,30.251488201931636,9.18645876811832
-0.5,Crane,WiKiTalk,25000000,47.0180484394817,13.91676571341596
-0.5,Crane,StackOverflow,2000000,3.9470875799813583,1.6301713549876051
-0.5,Crane,StackOverflow,8000000,16.56248902621526,5.2641132189185145
-0.5,Crane,StackOverflow,16000000,32.73616368906244,9.968604603427073
-0.5,Crane,StackOverflow,63500000,122.13711353091966,35.790883620263166
-0.5,TCM,Lkml,20000,1.7756715415608275,2.220446049250313e-16
-0.5,TCM,Lkml,40000,3.735961609330906,0.0
-0.5,TCM,Lkml,80000,7.403568529845008,0.0
-0.5,TCM,Lkml,200000,20.462099405776133,0.0
-0.5,TCM,Lkml,400000,40.793449371532965,0.0
-0.5,TCM,Lkml,800000,80.71933681710979,0.0
-0.5,TCM,CAIDA2018,2000000,100.23164763239762,0.0
-0.5,TCM,CAIDA2018,8000000,430.9264071849757,0.0
-0.5,TCM,CAIDA2018,16000000,902.2643374162692,0.0
-0.5,TCM,CAIDA2018,27100000,1579.6111437609557,0.0
-0.5,TCM,WiKiTalk,2000000,264.15112259619065,0.0
-0.5,TCM,WiKiTalk,8000000,1311.307164751346,0.0
-0.5,TCM,WiKiTalk,16000000,3041.848392511801,0.0
-0.5,TCM,WiKiTalk,25000000,5208.313751904036,0.0
-0.5,TCM,StackOverflow,2000000,386.2061206343037,0.0
-0.5,TCM,StackOverflow,8000000,1603.1241917668983,0.0
-0.5,TCM,StackOverflow,16000000,3299.2663480942965,4.547473508864641e-13
-0.5,TCM,StackOverflow,63500000,12531.652972374532,0.0
-0.5,GSS,Lkml,20000,6.82464852662676,0.4156876461096554
-0.5,GSS,Lkml,40000,12.40196563817825,0.7959885828663826
-0.5,GSS,Lkml,80000,35.517981954547416,21.554793024268204
-0.5,GSS,Lkml,200000,52.23484935891089,2.8246169777276067
-0.5,GSS,Lkml,400000,151.05484403138806,98.80897040218812
-0.5,GSS,Lkml,800000,295.33737979719507,197.46526662867632
-0.5,GSS,CAIDA2018,2000000,836.1887480818608,554.2383142996683
-0.5,GSS,CAIDA2018,8000000,3205.318272998423,2141.32928220713
-0.5,GSS,CAIDA2018,16000000,6197.751395176583,4145.437318113973
-0.5,GSS,CAIDA2018,27100000,10328.268971293226,6913.704233445232
-0.5,GSS,WiKiTalk,2000000,520.2765995743996,4.030199119484617
-0.5,GSS,WiKiTalk,8000000,2340.1285683862434,27.910295997446394
-0.5,GSS,WiKiTalk,16000000,5220.895524884068,82.21929522412836
-0.5,GSS,WiKiTalk,25000000,8679.442318262034,113.90847803734552
-0.5,GSS,StackOverflow,2000000,798.6872278187777,583.773985424518
-0.5,GSS,StackOverflow,8000000,3192.4489195760157,2339.0426575506576
-0.5,GSS,StackOverflow,16000000,6489.857038240994,4716.359425675099
-0.5,GSS,StackOverflow,63500000,27441.031769440473,18557.58037485222
-0.5,Auxo,Lkml,20000,3.586034065442482,0.0279424978000887
-0.5,Auxo,Lkml,40000,7.223973866451257,0.0135272912961783
-0.5,Auxo,Lkml,80000,13.762439769694025,0.0509226384064731
-0.5,Auxo,Lkml,200000,36.947834353378816,0.0949567732062365
-0.5,Auxo,Lkml,400000,73.16086742180224,0.1396106516688929
-0.5,Auxo,Lkml,800000,146.79786953272247,0.1338094646259571
-0.5,Auxo,CAIDA2018,2000000,333.2909634943597,1.1111526339262905
-0.5,Auxo,CAIDA2018,8000000,1302.0324901335548,1.4714169121209373
-0.5,Auxo,CAIDA2018,16000000,2613.616691162913,3.091652541230976
-0.5,Auxo,CAIDA2018,27100000,4453.240459239298,6.549036974114838
-0.5,Auxo,WiKiTalk,2000000,401.61797773290834,0.2534671591598213
-0.5,Auxo,WiKiTalk,8000000,1666.3497920873335,0.5940275592638995
-0.5,Auxo,WiKiTalk,16000000,3405.874007935662,0.2731741365833254
-0.5,Auxo,WiKiTalk,25000000,5384.6990959833365,0.3981130792501931
-0.5,Auxo,StackOverflow,2000000,477.5485947414535,0.0162555670238083
-0.5,Auxo,StackOverflow,8000000,1913.9082734204317,0.037979660707684
-0.5,Auxo,StackOverflow,16000000,3834.713679514021,0.0094732811002523
-0.5,Auxo,StackOverflow,63500000,14171.145288321875,0.1820407092348561
-0.5,HourglassSketch,Lkml,20000,0.68595894024137,0.2017099957014052
-0.5,HourglassSketch,Lkml,40000,2.1144918307618927,2.089200383252346
-0.5,HourglassSketch,Lkml,80000,2.861837635386648,1.3947369362721267
-0.5,HourglassSketch,Lkml,200000,9.019890902263809,2.6076494657070595
-0.5,HourglassSketch,Lkml,400000,6.234746130011049,0.1522220230515862
-0.5,HourglassSketch,Lkml,800000,16.073806290690108,0.3085529781054639
-0.5,HourglassSketch,CAIDA2018,2000000,287.87829362453476,53.05776947868125
-0.5,HourglassSketch,CAIDA2018,8000000,213.35694542637137,2.681353162527642
-0.5,HourglassSketch,CAIDA2018,16000000,751.5037482111286,5.9227768821342375
-0.5,HourglassSketch,CAIDA2018,27100000,1916.0935516198408,20.87168356434749
-0.5,HourglassSketch,WiKiTalk,2000000,93.40948749712992,0.5615758561523325
-0.5,HourglassSketch,WiKiTalk,8000000,854.7895125109666,5.241052947884248
-0.5,HourglassSketch,WiKiTalk,16000000,2755.076764759223,19.702110067815045
-0.5,HourglassSketch,WiKiTalk,25000000,4805.463651003765,32.11164620439103
-0.5,HourglassSketch,StackOverflow,2000000,88.32506484610589,0.1545080082445663
-0.5,HourglassSketch,StackOverflow,8000000,709.4865329608808,1.0254799380182664
-0.5,HourglassSketch,StackOverflow,16000000,1969.467130647586,1.5061957967582462
-0.5,HourglassSketch,StackOverflow,63500000,7400.285582965109,4.777694637400993
-0.5,Mayfly,Lkml,20000,18.05871546428329,8.800447886012874
-0.5,Mayfly,Lkml,40000,24.320904359715108,11.98478968192842
-0.5,Mayfly,Lkml,80000,50.47102182449411,28.94846752047108
-0.5,Mayfly,Lkml,200000,57.14133349923306,32.047127375966234
-0.5,Mayfly,Lkml,400000,94.08616767527228,54.659699979048135
-0.5,Mayfly,Lkml,800000,176.50877302106113,106.00118836641596
-0.5,Mayfly,CAIDA2018,2000000,128.28877569681708,59.67024383404551
-0.5,Mayfly,CAIDA2018,8000000,328.81446278117056,118.39266415327796
-0.5,Mayfly,CAIDA2018,16000000,535.6139890963757,164.9021489723443
-0.5,Mayfly,CAIDA2018,27100000,768.9307476855505,175.63775782017152
-0.5,Mayfly,WiKiTalk,2000000,311.9329278154843,177.68261089384
-0.5,Mayfly,WiKiTalk,8000000,570.7575109318981,303.67591242747824
-0.5,Mayfly,WiKiTalk,16000000,813.3285036859521,366.7373631510805
-0.5,Mayfly,WiKiTalk,25000000,1028.477875828387,393.5582722470838
-0.5,Mayfly,StackOverflow,2000000,56.19432221687356,10.05180253164694
-0.5,Mayfly,StackOverflow,8000000,124.40564956308104,28.64591837852107
-0.5,Mayfly,StackOverflow,16000000,230.20721706733593,61.46055292623023
-0.5,Mayfly,StackOverflow,63500000,904.0780524705484,254.5675371723967
0.5,Crane,Lkml,20000,0.703095830692178,0.1591373062994227
0.5,Crane,Lkml,40000,0.6866725947632271,0.186383971269495
0.5,Crane,Lkml,80000,0.7919940827401494,0.1148199546498901
0.5,Crane,Lkml,200000,0.7044478707693402,0.115113001486299
0.5,Crane,Lkml,400000,0.6892214319899249,0.060321669473631
0.5,Crane,Lkml,800000,0.8370917226918821,0.2493217878820089
0.5,Crane,CAIDA2018,2000000,1.4142599555847035,0.3619571684617345
0.5,Crane,CAIDA2018,8000000,4.5537813862111225,1.2922911744587808
0.5,Crane,CAIDA2018,16000000,8.659169022941025,2.4888857971278795
0.5,Crane,CAIDA2018,27100000,14.017409545859255,4.072906951237231
0.5,Crane,WiKiTalk,2000000,2.4009383346536572,0.9467053350776142
0.5,Crane,WiKiTalk,8000000,10.328607603722237,3.180990078968407
0.5,Crane,WiKiTalk,16000000,22.381431451549936,6.83427019145337
0.5,Crane,WiKiTalk,25000000,35.89466872639276,10.656144293678944
0.5,Crane,StackOverflow,2000000,3.780983607687849,1.5680906361506268
0.5,Crane,StackOverflow,8000000,16.00446196604624,5.095334239404452
0.5,Crane,StackOverflow,16000000,31.716739735842452,9.665284196113848
0.5,Crane,StackOverflow,63500000,103.6727435512864,30.424199212463243
0.5,TCM,Lkml,20000,1.3684072103822085,0.0
0.5,TCM,Lkml,40000,2.6875477745374536,0.0
0.5,TCM,Lkml,80000,5.108239442113176,0.0
0.5,TCM,Lkml,200000,13.224611602287734,1.7763568394002505e-15
0.5,TCM,Lkml,400000,24.978868611964018,0.0
0.5,TCM,Lkml,800000,47.76947272147529,0.0
0.5,TCM,CAIDA2018,2000000,42.18656128696815,0.0
0.5,TCM,CAIDA2018,8000000,167.66752515680838,0.0
0.5,TCM,CAIDA2018,16000000,337.55213550617503,0.0
0.5,TCM,CAIDA2018,27100000,574.6907767076628,0.0
0.5,TCM,WiKiTalk,2000000,197.18594216380083,0.0
0.5,TCM,WiKiTalk,8000000,994.6230667742726,0.0
0.5,TCM,WiKiTalk,16000000,2369.3831852524563,0.0
0.5,TCM,WiKiTalk,25000000,4170.102910242268,0.0
0.5,TCM,StackOverflow,2000000,376.0229045268259,0.0
0.5,TCM,StackOverflow,8000000,1568.5628192288373,0.0
0.5,TCM,StackOverflow,16000000,3245.6219664646105,0.0
0.5,TCM,StackOverflow,63500000,11869.608422684754,0.0
0.5,GSS,Lkml,20000,5.106649777050338,0.348590079728564
0.5,GSS,Lkml,40000,8.777362576375685,0.6441944430877126
0.5,GSS,Lkml,80000,23.79830414338448,14.181929224866328
0.5,GSS,Lkml,200000,33.335331443857434,1.9793162479417217
0.5,GSS,Lkml,400000,91.1849514667338,59.16876945578642
0.5,GSS,Lkml,800000,172.18745812698722,114.22350531973562
0.5,GSS,CAIDA2018,2000000,349.75544652929915,230.90147147540105
0.5,GSS,CAIDA2018,8000000,1242.134882701653,826.8020190808844
0.5,GSS,CAIDA2018,16000000,2312.6171688418303,1541.68374523892
0.5,GSS,CAIDA2018,27100000,3747.989563835307,2500.509545358344
0.5,GSS,WiKiTalk,2000000,383.6954644405308,2.8018927995634346
0.5,GSS,WiKiTalk,8000000,1750.39325461227,20.688583926428347
0.5,GSS,WiKiTalk,16000000,4020.30080583606,62.095694240045155
0.5,GSS,WiKiTalk,25000000,6879.755591612496,88.463106135193
0.5,GSS,StackOverflow,2000000,774.9860884170076,564.4878385238161
0.5,GSS,StackOverflow,8000000,3112.5024437834563,2271.281189765146
0.5,GSS,StackOverflow,16000000,6354.43868166651,4592.975892191581
0.5,GSS,StackOverflow,63500000,24972.563857840647,16311.496764217518
0.5,Auxo,Lkml,20000,2.5487868909009253,0.0229317238781528
0.5,Auxo,Lkml,40000,4.9711825212189185,0.0136188105839936
0.5,Auxo,Lkml,80000,8.923148632885434,0.0350075476072707
0.5,Auxo,Lkml,200000,23.025145459351428,0.0534854718723332
0.5,Auxo,Lkml,400000,43.33384937550922,0.0616991003876218
0.5,Auxo,Lkml,800000,84.18312203566524,0.0717200692494103
0.5,Auxo,CAIDA2018,2000000,139.30290249221972,0.4694726501627944
0.5,Auxo,CAIDA2018,8000000,504.7137567335341,0.3515703359922587
0.5,Auxo,CAIDA2018,16000000,973.9986425224008,0.8723530560921652
0.5,Auxo,CAIDA2018,27100000,1614.7155154573925,1.5305234308052278
0.5,Auxo,WiKiTalk,2000000,284.3380584056848,0.1412430027208594
0.5,Auxo,WiKiTalk,8000000,1195.4141497941196,0.448250473642524
0.5,Auxo,WiKiTalk,16000000,2534.574404460705,0.2661729620744786
0.5,Auxo,WiKiTalk,25000000,4122.098834776797,0.3138060595773663
0.5,Auxo,StackOverflow,2000000,460.5672105052201,0.0164381883189112
0.5,Auxo,StackOverflow,8000000,1852.603247084496,0.0360702086633676
0.5,Auxo,StackOverflow,16000000,3718.1086338867376,0.0094655674587468
0.5,Auxo,StackOverflow,63500000,12049.547478391669,0.1577040154647995
0.5,HourglassSketch,Lkml,20000,0.6144664313252799,0.1650396242435844
0.5,HourglassSketch,Lkml,40000,2.85409595551194,2.885740503712331
0.5,HourglassSketch,Lkml,80000,3.0739742883699392,2.1665526140995923
0.5,HourglassSketch,Lkml,200000,6.215947345330365,1.6339007284605354
0.5,HourglassSketch,Lkml,400000,3.8894188246132986,0.0993577038588609
0.5,HourglassSketch,Lkml,800000,9.736323414332723,0.181237382311629
0.5,HourglassSketch,CAIDA2018,2000000,143.39338813690588,28.42538031209589
0.5,HourglassSketch,CAIDA2018,8000000,84.62589128700395,1.2621516171061058
0.5,HourglassSketch,CAIDA2018,16000000,282.79448844654206,2.743102726324093
0.5,HourglassSketch,CAIDA2018,27100000,698.4479674759912,6.811635052629449
0.5,HourglassSketch,WiKiTalk,2000000,75.58775155649823,0.4525851177096495
0.5,HourglassSketch,WiKiTalk,8000000,665.2393720665782,3.76677146376614
0.5,HourglassSketch,WiKiTalk,16000000,2151.0140402680145,13.273524792939025
0.5,HourglassSketch,WiKiTalk,25000000,3841.040134610024,22.999453308861476
0.5,HourglassSketch,StackOverflow,2000000,87.09139805365095,0.1500369027324023
0.5,HourglassSketch,StackOverflow,8000000,699.3695599032142,0.9922775167558204
0.5,HourglassSketch,StackOverflow,16000000,1947.4019300301245,1.4642280357961723
0.5,HourglassSketch,StackOverflow,63500000,6628.01744998909,4.17994828821818
0.5,Mayfly,Lkml,20000,13.61700989666334,6.748961213961683
0.5,Mayfly,Lkml,40000,17.45769829042093,8.81795870882594
0.5,Mayfly,Lkml,80000,34.99594110570682,20.308600415651856
0.5,Mayfly,Lkml,200000,37.568130751432285,21.324032851136515
0.5,Mayfly,Lkml,400000,58.93328468192461,34.671167614745414
0.5,Mayfly,Lkml,800000,107.89030756682382,65.71256364751997
0.5,Mayfly,CAIDA2018,2000000,56.49570328571811,26.603073478095805
0.5,Mayfly,CAIDA2018,8000000,133.7708912231421,49.31070345271607
0.5,Mayfly,CAIDA2018,16000000,208.81138871978965,65.96569567150048
0.5,Mayfly,CAIDA2018,27100000,294.1710562846183,71.04947669405159
0.5,Mayfly,WiKiTalk,2000000,230.20960745392216,132.1216192330672
0.5,Mayfly,WiKiTalk,8000000,429.28031224895074,232.01467495794577
0.5,Mayfly,WiKiTalk,16000000,635.2222924390637,294.6334958811925
0.5,Mayfly,WiKiTalk,25000000,824.1034626631235,326.4315159554162
0.5,Mayfly,StackOverflow,2000000,54.54485644063412,9.750828942161684
0.5,Mayfly,StackOverflow,8000000,120.78980535497138,27.73300400568603
0.5,Mayfly,StackOverflow,16000000,223.87184736722665,59.66454814928054
0.5,Mayfly,StackOverflow,63500000,789.661403655801,220.59524396162095
1.0,Crane,Lkml,20000,0.7672560693084186,0.1315405013549967
1.0,Crane,Lkml,40000,0.7670761953133454,0.1429736161315765
1.0,Crane,Lkml,80000,0.8751325540894627,0.0688269650916213
1.0,Crane,Lkml,200000,0.8272023914520957,0.0688844511735837
1.0,Crane,Lkml,400000,0.7899683713430061,0.0300468158707461
1.0,Crane,Lkml,800000,0.833084663279989,0.0595595453607708
1.0,Crane,CAIDA2018,2000000,0.9949660061495365,0.0433653349047315
1.0,Crane,CAIDA2018,8000000,1.3634875018763126,0.1677008291048453
1.0,Crane,CAIDA2018,16000000,1.8175223356964767,0.30577526214605
1.0,Crane,CAIDA2018,27100000,2.364114413820299,0.4706817033655716
1.0,Crane,WiKiTalk,2000000,1.5343513924445211,0.4550378242072583
1.0,Crane,WiKiTalk,8000000,5.504090756065041,1.63057446442536
1.0,Crane,WiKiTalk,16000000,12.077390874618448,3.6479454493228847
1.0,Crane,WiKiTalk,25000000,19.94476608498377,5.89392293405219
1.0,Crane,StackOverflow,2000000,3.598069471714365,1.4937384093657258
1.0,Crane,StackOverflow,8000000,15.308076693281446,4.882511876929032
1.0,Crane,StackOverflow,16000000,30.37440637784947,9.265246111395896
1.0,Crane,StackOverflow,63500000,75.91782192153265,22.314743872176106
1.0,TCM,Lkml,20000,1.0616231223042982,0.0
1.0,TCM,Lkml,40000,1.9029299489365925,2.220446049250313e-16
1.0,TCM,Lkml,80000,3.3074667635671053,4.440892098500626e-16
1.0,TCM,Lkml,200000,7.998234611614555,8.881784197001252e-16
1.0,TCM,Lkml,400000,13.762402728600293,0.0
1.0,TCM,Lkml,800000,24.06819375262558,0.0
1.0,TCM,CAIDA2018,2000000,8.490677,0.0
1.0,TCM,CAIDA2018,8000000,25.488727625,0.0
1.0,TCM,CAIDA2018,16000000,45.6638386875,0.0
1.0,TCM,CAIDA2018,27100000,71.0808468476899,0.0
1.0,TCM,WiKiTalk,2000000,116.448506,0.0
1.0,TCM,WiKiTalk,8000000,573.659389875,0.0
1.0,TCM,WiKiTalk,16000000,1376.98890525,0.0
1.0,TCM,WiKiTalk,25000000,2487.3493421423173,0.0
1.0,TCM,StackOverflow,2000000,363.926818,0.0
1.0,TCM,StackOverflow,8000000,1523.2559085,0.0
1.0,TCM,StackOverflow,16000000,3166.28275275,0.0
1.0,TCM,StackOverflow,63500000,10174.74078102841,0.0
1.0,GSS,Lkml,20000,3.8320261761935455,0.2992064520838494
1.0,GSS,Lkml,40000,6.121798621783749,0.5200206419564435
1.0,GSS,Lkml,80000,14.855491372937212,8.628724490797973
1.0,GSS,Lkml,200000,19.84195723059073,1.3170567910418505
1.0,GSS,Lkml,400000,49.167767408829945,31.50413600640018
1.0,GSS,Lkml,800000,84.81801171257676,55.57207201645203
1.0,GSS,CAIDA2018,2000000,69.5281487,45.602621507945265
1.0,GSS,CAIDA2018,8000000,187.2115944,124.0832519445782
1.0,GSS,CAIDA2018,16000000,310.98899825,206.50490633760515
1.0,GSS,CAIDA2018,27100000,461.290569471036,306.5857703244617
1.0,GSS,WiKiTalk,2000000,221.5194111,1.4700616222012723
1.0,GSS,WiKiTalk,8000000,986.066394525,11.258037200195036
1.0,GSS,WiKiTalk,16000000,2290.8781758249997,33.715122250908415
1.0,GSS,WiKiTalk,25000000,4034.2637710982463,49.615788999070446
1.0,GSS,StackOverflow,2000000,747.1556168,542.0216896137428
1.0,GSS,StackOverflow,8000000,3009.7517482249996,2185.600892847546
1.0,GSS,StackOverflow,16000000,6164.673522575,4426.876103120686
1.0,GSS,StackOverflow,63500000,20304.006018833945,12614.632515768555
1.0,Auxo,Lkml,20000,1.768043230380249,0.0181932730905722
1.0,Auxo,Lkml,40000,3.3194140102126815,0.0103184744065802
1.0,Auxo,Lkml,80000,5.270963699926072,0.0249568993137543
1.0,Auxo,Lkml,200000,13.2631839004581,0.0268584726894445
1.0,Auxo,Lkml,400000,22.707680189641724,0.026440876071543
1.0,Auxo,Lkml,800000,40.38753425753665,0.0315631859775647
1.0,Auxo,CAIDA2018,2000000,27.539606099999997,0.0966680195263144
1.0,Auxo,CAIDA2018,8000000,75.752811725,0.048564533156502
1.0,Auxo,CAIDA2018,16000000,130.37215972500002,0.1068005707665606
1.0,Auxo,CAIDA2018,27100000,197.95538279606453,0.0903442069816259
1.0,Auxo,WiKiTalk,2000000,152.17782259999998,0.0626999325935848
1.0,Auxo,WiKiTalk,8000000,626.9332731249999,0.263360195681004
1.0,Auxo,WiKiTalk,16000000,1364.6478460625,0.1844658248955994
1.0,Auxo,WiKiTalk,25000000,2289.7965695512257,0.1867524512478337
1.0,Auxo,StackOverflow,2000000,440.88076949999993,0.0163755584851301
1.0,Auxo,StackOverflow,8000000,1775.8292911249998,0.0339888730466376
1.0,Auxo,StackOverflow,16000000,3564.6181821374994,0.0093799848572395
1.0,Auxo,StackOverflow,63500000,8845.975466167327,0.119859293363499
1.0,HourglassSketch,Lkml,20000,0.5578107183580387,0.1305593741746856
1.0,HourglassSketch,Lkml,40000,3.929314362203163,4.058358433252457
1.0,HourglassSketch,Lkml,80000,3.225143157868357,2.656749432736795
1.0,HourglassSketch,Lkml,200000,4.558047770509512,1.2903713740414715
1.0,HourglassSketch,Lkml,400000,2.17956900518114,0.0612279414631431
1.0,HourglassSketch,Lkml,800000,5.031310388285424,0.1000656990039564
1.0,HourglassSketch,CAIDA2018,2000000,42.6882726,9.13283712282582
1.0,HourglassSketch,CAIDA2018,8000000,13.500107775,0.2392582337291185
1.0,HourglassSketch,CAIDA2018,16000000,39.0848160875,0.4661056893326536
1.0,HourglassSketch,CAIDA2018,27100000,86.88996065993324,0.7870362422736699
1.0,HourglassSketch,WiKiTalk,2000000,50.6452302,0.3211643579623371
1.0,HourglassSketch,WiKiTalk,8000000,398.503664375,2.1625401832402256
1.0,HourglassSketch,WiKiTalk,16000000,1252.081482075,6.500392730958132
1.0,HourglassSketch,WiKiTalk,25000000,2280.0637886875,12.14469029749593
1.0,HourglassSketch,StackOverflow,2000000,85.5316305,0.1448565735767619
1.0,HourglassSketch,StackOverflow,8000000,685.2363976500001,0.9518756127723572
1.0,HourglassSketch,StackOverflow,16000000,1911.322021025,1.4101571344682935
1.0,HourglassSketch,StackOverflow,63500000,5268.774619790998,3.1545099500681006
1.0,Mayfly,Lkml,20000,10.3022875242681,5.210175856497482
1.0,Mayfly,Lkml,40000,12.443227815034694,6.463789547365366
1.0,Mayfly,Lkml,80000,22.67922999671215,13.270486315040976
1.0,Mayfly,Lkml,200000,23.24537035223221,13.388606349024544
1.0,Mayfly,Lkml,400000,33.435334079923756,19.948582480478176
1.0,Mayfly,Lkml,800000,56.77009799792162,35.146603273296826
1.0,Mayfly,CAIDA2018,2000000,12.570436328838325,6.006446162017801
1.0,Mayfly,CAIDA2018,8000000,22.314300693594948,8.581480209225623
1.0,Mayfly,CAIDA2018,16000000,30.70581313743747,10.249434287537392
1.0,Mayfly,CAIDA2018,27100000,39.65565410477289,10.52169242801536
1.0,Mayfly,WiKiTalk,2000000,131.59942386682323,76.24577498389414
1.0,Mayfly,WiKiTalk,8000000,241.91281744285484,133.5767684123419
1.0,Mayfly,WiKiTalk,16000000,367.259347046545,176.74729273499534
1.0,Mayfly,WiKiTalk,25000000,489.5614581960482,202.9771940909009
1.0,Mayfly,StackOverflow,2000000,52.60951745040779,9.398363608525086
1.0,Mayfly,StackOverflow,8000000,116.21483301964854,26.589138013428062
1.0,Mayfly,StackOverflow,16000000,215.40445461214716,57.28559766105223
1.0,Mayfly,StackOverflow,63500000,605.1664741132657,167.30461997299895
